PLAYER,TEAM_GENERAL - DEFENSE,AGE_GENERAL - DEFENSE,W_GENERAL - DEFENSE,L_GENERAL - DEFENSE,MIN_GENERAL - DEFENSE,DEF RTG_GENERAL - DEFENSE,DREB_GENERAL - DEFENSE,DREB%_GENERAL - DEFENSE,%DREB_GENERAL - DEFENSE,STL_GENERAL - DEFENSE,STL%_GENERAL - DEFENSE,BLK_GENERAL - DEFENSE,%BLK_GENERAL - DEFENSE,OPP PTS OFF TOV_GENERAL - DEFENSE,OPP PTS 2ND CHANCE_GENERAL - DEFENSE,OPP PTS FB_GENERAL - DEFENSE,OPP PTS PAINT_GENERAL - DEFENSE,DEF WS_GENERAL - DEFENSE,TEAM_DEFENSE DASHBOARD,AGE_DEFENSE DASHBOARD,POSITION_DEFENSE DASHBOARD,G_DEFENSE DASHBOARD,FREQ%_DEFENSE DASHBOARD,DFGM_DEFENSE DASHBOARD,DFGA_DEFENSE DASHBOARD,DFG%_DEFENSE DASHBOARD,FG%_DEFENSE DASHBOARD,DIFF%_DEFENSE DASHBOARD,TEAM_HUSTLE,AGE_HUSTLE,MIN_HUSTLE,SCREEN ASSISTS_HUSTLE,SCREEN ASSISTS PTS_HUSTLE,DEFLECTIONS_HUSTLE,OFF LOOSE BALLS RECOVERED_HUSTLE,DEF LOOSE BALLS RECOVERED_HUSTLE,LOOSE BALLS RECOVERED_HUSTLE,% LOOSE BALLS RECOVERED_HUSTLE,% LOOSE BALLS RECOVERED.1_HUSTLE,CHARGES DRAWN_HUSTLE,CONTESTED 2PT SHOTS_HUSTLE,CONTESTED 3 PT SHOTS_HUSTLE,CONTESTED SHOTS_HUSTLE,TEAM_BOX OUTS,AGE_BOX OUTS,MIN_BOX OUTS,BOX OUTS_BOX OUTS,OFF BOX OUTS_BOX OUTS,DEF BOX OUTS_BOX OUTS,TEAM REB ON BOX OUTS_BOX OUTS,PLAYER REB ON BOX OUTS_BOX OUTS,% BOX OUTS OFF_BOX OUTS,% BOX OUTS DEF_BOX OUTS,% TEAM REB WHEN BOX OUT_BOX OUTS,% PLAYER REB WHEN BOX OUT_BOX OUTS,GP,SCORE,avg_scoring_probability,possessions,DEF WS_GENERAL - DEFENSE_WEIGHTED,MIN_GENERAL - DEFENSE_WEIGHTED,MIN_BOX OUTS_WEIGHTED,% TEAM REB WHEN BOX OUT_BOX OUTS_WEIGHTED,BLK_GENERAL - DEFENSE_WEIGHTED,MIN_HUSTLE_WEIGHTED,OPP PTS 2ND CHANCE_GENERAL - DEFENSE_WEIGHTED,DFGM_DEFENSE DASHBOARD_WEIGHTED,DEF RTG_GENERAL - DEFENSE_WEIGHTED,STL%_GENERAL - DEFENSE_WEIGHTED,CONTESTED 3 PT SHOTS_HUSTLE_WEIGHTED,%BLK_GENERAL - DEFENSE_WEIGHTED,DFG%_DEFENSE DASHBOARD_WEIGHTED,% BOX OUTS OFF_BOX OUTS_WEIGHTED,DFGA_DEFENSE DASHBOARD_WEIGHTED,% PLAYER REB WHEN BOX OUT_BOX OUTS_WEIGHTED,CONTESTED SHOTS_HUSTLE_WEIGHTED,DEFLECTIONS_HUSTLE_WEIGHTED,OPP PTS FB_GENERAL - DEFENSE_WEIGHTED,% BOX OUTS DEF_BOX OUTS_WEIGHTED,W_GENERAL - DEFENSE_WEIGHTED,DREB%_GENERAL - DEFENSE_WEIGHTED,% LOOSE BALLS RECOVERED.1_HUSTLE_WEIGHTED,CHARGES DRAWN_HUSTLE_WEIGHTED,%DREB_GENERAL - DEFENSE_WEIGHTED,OPP PTS OFF TOV_GENERAL - DEFENSE_WEIGHTED,DIFF%_DEFENSE DASHBOARD_WEIGHTED,avg_scoring_probability_WEIGHTED,L_GENERAL - DEFENSE_WEIGHTED,GP_WEIGHTED,FG%_DEFENSE DASHBOARD_WEIGHTED,G_DEFENSE DASHBOARD_WEIGHTED,DREB_GENERAL - DEFENSE_WEIGHTED,possessions_WEIGHTED,PLAYER REB ON BOX OUTS_BOX OUTS_WEIGHTED,TEAM REB ON BOX OUTS_BOX OUTS_WEIGHTED,CONTESTED 2PT SHOTS_HUSTLE_WEIGHTED,% LOOSE BALLS RECOVERED_HUSTLE_WEIGHTED,SCREEN ASSISTS PTS_HUSTLE_WEIGHTED,DEF LOOSE BALLS RECOVERED_HUSTLE_WEIGHTED,AGE_HUSTLE_WEIGHTED,OFF LOOSE BALLS RECOVERED_HUSTLE_WEIGHTED,STL_GENERAL - DEFENSE_WEIGHTED,OPP PTS PAINT_GENERAL - DEFENSE_WEIGHTED,LOOSE BALLS RECOVERED_HUSTLE_WEIGHTED,DEF BOX OUTS_BOX OUTS_WEIGHTED,BOX OUTS_BOX OUTS_WEIGHTED,AGE_BOX OUTS_WEIGHTED,SCREEN ASSISTS_HUSTLE_WEIGHTED,AGE_GENERAL - DEFENSE_WEIGHTED,AGE_DEFENSE DASHBOARD_WEIGHTED,OFF BOX OUTS_BOX OUTS_WEIGHTED,FREQ%_DEFENSE DASHBOARD_WEIGHTED,IMPACT SCORE
RUDY GOBERT,MIN,32,53,23,34.1,106.6,9.2,25.6,36.8,0.7,13.2,2.1,50.0,12.1,8.7,9.3,30.9,0.164,MIN,32.0,C,76.0,100.0,8.2,18.9,43.5,49.5,-6.0,MIN,32.0,34.1,4.8,11.4,1.6,0.2,0.2,0.4,60.0,40.0,0.01,9.3,1.7,11.0,MIN,32.0,34.1,2.8,0.9,1.9,2.8,1.9,33.0,67.0,99.5,68.4,76,561.0,0.4831466676188717,498.0,0.05498377657640505,1.43467523553434,1.4019590200318166,3.2089087568343637,0.06575545446632403,1.0592895837821583,0.22036447972026413,0.19398352594099794,2.483634836180076,0.294275174446718,0.0374396038169609,1.0499892115320195,0.7492077365003686,0.5670300733306324,0.3225688658535031,1.1330847462482898,0.1590997566775119,0.022191209369656587,0.12492402764669232,0.8884265607772774,0.6839365329651662,0.32851082469486953,0.5098201912461721,0.00012668734043386708,0.42762606110927315,0.1308132410418289,-0.06207434106997274,0.00499279153737439,0.23718625661509307,0.6627115188870375,0.4175063612081378,0.61452401184956,0.06964349039070969,3.521143473925161,0.012482352098779763,0.018255104592833638,0.05980444815762549,0.37486962177940714,0.07017201598713868,0.0011026110043777417,0.17616191509500947,0.0010118523839371873,0.003334599169629355,0.12986696010013798,0.0016007023528430417,0.0072395101354801065,0.01044757258571084,0.11561225373778881,0.014688279213174824,0.09772421142855592,0.09022325671804744,0.0006688242088000582,0.0,24.203524827756503
BROOK LOPEZ,MIL,36,48,31,30.5,111.9,3.7,11.0,15.7,0.5,14.7,2.4,65.9,9.8,8.7,9.6,32.8,0.104,MIL,36.0,C,79.0,100.0,10.6,22.2,47.7,49.8,-2.2,MIL,36.0,30.5,3.1,7.1,1.4,0.2,0.3,0.5,42.5,57.5,0.0,14.0,1.6,15.6,MIL,36.0,30.5,2.0,0.4,1.6,1.9,1.0,21.2,78.8,97.4,48.7,79,541.0,0.5419522248414713,536.0,0.03486776075576905,1.2832139203459638,1.25395161615749,3.1411830443785633,0.07514909081865602,0.9474584253770038,0.22036447972026413,0.2507591920700705,2.6071176188419374,0.32771553517929963,0.03523727418066908,1.3838857807992018,0.821545035196956,0.3642738652911941,0.3788904138596703,0.8067430868756098,0.22563238219719867,0.01941730819844951,0.128953834990134,1.0448957162574546,0.6194142185344901,0.14115699498607673,0.7328665249163723,0.0,0.18243829237542358,0.10594791423222508,-0.022760591725656674,0.005600482551572151,0.3196858241333863,0.6888711841062627,0.4200367027912174,0.6387815386330952,0.028008795048437597,3.789825104465635,0.00656965899935777,0.012387392402279969,0.09002820152760826,0.2655326487604134,0.043703623991989876,0.0016539165065666127,0.19818215448188567,0.0010118523839371873,0.0023818565497352538,0.1378523071613115,0.002000877941053802,0.006096429587772722,0.007462551846936314,0.1300637854550124,0.009486180325175408,0.10993973785712541,0.10150116380780337,0.000297255203911137,0.0,24.127279961329968
ANTHONY DAVIS,LAL,31,45,31,35.5,114.0,9.5,25.2,36.6,1.2,21.9,2.3,52.5,12.0,10.6,11.6,36.4,0.099,LAL,31.0,F-C,76.0,100.0,8.9,18.9,47.2,49.5,-2.3,LAL,31.0,35.5,4.1,9.1,2.5,0.6,0.4,1.0,61.8,38.2,0.01,7.8,3.4,11.2,LAL,31.0,35.5,2.5,0.6,1.8,2.5,1.7,25.9,74.1,98.4,68.8,76,557.0,0.3327129737059422,365.0,0.03319142610404938,1.4935768581075974,1.4595174548718326,3.1734333836432302,0.07201787870121201,1.1027794787174963,0.2684900557511264,0.21054309522864412,2.65604475914192,0.4882292666956913,0.0748792076339218,1.1024886721086204,0.8129334520187909,0.44503269391707206,0.3225688658535031,1.139710972834537,0.16199247952619392,0.034673764640088416,0.15581921727974524,0.9825732560238246,0.5807008298760845,0.3233778430590121,0.4868782826400943,0.00012668734043386708,0.42530200642933147,0.12973213987619395,-0.023795164076822882,0.0034382241063165126,0.3196858241333863,0.6627115188870375,0.4175063612081378,0.61452401184956,0.07191447377301545,2.5807577670335013,0.011168420298908209,0.01629920052931575,0.0501585694225246,0.38611571043278936,0.056014503989733504,0.0022052220087554835,0.17065685524829044,0.003035557151811562,0.005716455719364609,0.152982438435114,0.004001755882107604,0.006858483286244312,0.009328189808670392,0.11199937080848292,0.012546238494586828,0.09467032982141355,0.08740377994560845,0.00044588280586670544,0.0,23.964964009023966
JARRETT ALLEN,CLE,26,46,31,31.7,110.7,7.4,23.1,33.6,0.7,13.5,1.1,36.3,11.5,8.3,9.4,31.0,0.119,CLE,26.0,C,76.0,100.0,8.2,16.8,48.8,50.0,-1.2,CLE,26.0,31.7,4.0,9.7,1.6,0.5,0.2,0.7,66.7,33.3,0.0,7.6,2.0,9.6,CLE,26.0,31.7,2.0,0.3,1.7,1.9,1.1,13.5,86.5,97.4,57.9,77,548.0,0.4621241012784481,545.0,0.03989676471092805,1.333701025408756,1.3032874174489322,3.1411830443785633,0.03444333329188402,0.984735478178722,0.2102327795032405,0.19398352594099794,2.579159252956233,0.30096324659323437,0.04404659272583635,0.762292167572246,0.8404905181889193,0.23196684818071325,0.28672788075866945,0.9591462983592978,0.13885069673673764,0.022191209369656587,0.12626729676117288,1.1469984702572313,0.5936052927622197,0.29642968947076115,0.42442530921243815,0.0,0.39044118623020596,0.1243266340480192,-0.012414868213994549,0.004775546343827579,0.3196858241333863,0.6714314072934459,0.4217235971799372,0.61452401184956,0.056017590096875194,3.8534602274883785,0.007226624899293548,0.012387392402279969,0.04887245225784448,0.41673006287810765,0.05970776798905659,0.0011026110043777417,0.1431315560146952,0.0025296309598429683,0.003334599169629355,0.13028724152441026,0.0028012291174753226,0.0064774564370085165,0.007462551846936314,0.09393495616195341,0.012240232677645686,0.07940092178570168,0.07330639608341355,0.00022294140293335272,0.0,23.54015191982964
GIANNIS ANTETOKOUNMPO,MIL,29,45,28,35.2,113.2,8.8,23.7,34.3,1.2,23.9,1.1,28.5,10.6,9.5,8.9,37.0,0.107,MIL,29.0,F,73.0,100.0,5.8,12.5,46.2,48.4,-2.1,MIL,29.0,35.2,2.0,5.0,2.2,0.5,0.3,0.8,59.7,40.3,0.01,3.6,2.9,6.5,MIL,29.0,35.2,1.0,0.5,0.5,0.9,0.7,47.1,52.9,94.3,71.4,73,546.0,0.1987790488401303,459.0,0.035873561546800846,1.4809550818418995,1.447183504548972,3.041206992658095,0.03444333329188402,1.0934602155170667,0.2406278801543114,0.13720785981192538,2.6374058485514507,0.5328164143391334,0.06386755945246271,0.5984938505732511,0.7957102856624606,0.8093065592082662,0.21333919699305762,1.1827814456451446,0.09401349258216611,0.030512912883277808,0.11955095118877006,0.7014591800763876,0.5807008298760845,0.30412916192454714,0.5136438426805183,0.00012668734043386708,0.39857537761000184,0.11459672355730466,-0.02172601937449046,0.0020541637133658823,0.28874848631402633,0.6365518536678123,0.40822844207017916,0.5902664850660246,0.06661551254763537,3.245391274159937,0.004598761299550439,0.00586771219055367,0.023150108964242123,0.3729952736705101,0.03077719999435907,0.0016539165065666127,0.15964673555485234,0.0025296309598429683,0.005716455719364609,0.15550412698074775,0.0032014047056860835,0.0019051342461789756,0.003731275923468157,0.10477360494987112,0.006120116338822843,0.0885625666071288,0.08176482640073049,0.0003715690048889212,0.0,23.470989367697527
NIC CLAXTON,BKN,25,27,44,29.8,114.1,7.2,23.9,35.9,0.6,16.0,2.1,57.5,9.3,8.5,10.6,29.8,0.083,BKN,25.0,C,69.0,100.0,8.0,17.2,46.7,48.7,-2.0,BKN,25.0,29.8,3.5,7.7,1.6,0.3,0.3,0.6,53.7,46.3,0.0,8.3,2.6,10.9,BKN,25.0,29.8,2.3,0.7,1.6,2.2,1.3,31.5,68.5,98.1,57.9,71,540.0,0.5606810476112003,469.0,0.027827155218546454,1.2537631090593353,1.225172398737482,3.1637582818638297,0.06575545446632403,0.9257134779093349,0.2152986296117523,0.1892522204302419,2.6583746229657286,0.356697181147537,0.05726057054358726,1.2074875932618223,0.8043218688406257,0.5412559790883309,0.2935547350624473,0.9591462983592978,0.15765339525317087,0.022191209369656587,0.1423865261349396,0.9083167076603508,0.34842049792565066,0.3066956527424758,0.5901168713674441,0.0,0.4171678150495355,0.10054240840405032,-0.020691447023324247,0.005794024418042091,0.4537476213506128,0.6191120768549956,0.4107587836532588,0.557923116021311,0.05450360117533803,3.3160969664074305,0.008540556699165102,0.01434329646579786,0.0533738623342249,0.33550831149256943,0.04739688799131297,0.0016539165065666127,0.13762649616797615,0.001517778575905781,0.0028582278596823046,0.12524386443314278,0.0024010535292645625,0.006096429587772722,0.00858193462397676,0.09032207323264752,0.010710203592939976,0.07634704017855931,0.07048691931097456,0.0005201966068444897,0.0,23.328904452520487
BAM ADEBAYO,MIA,26,40,31,34.0,109.3,8.1,24.2,34.9,1.1,20.0,0.9,37.3,10.5,9.5,9.4,31.9,0.14,MIA,26.0,C-F,71.0,100.0,6.2,14.0,44.1,49.1,-5.0,MIA,26.0,34.0,3.4,8.1,2.2,0.5,0.4,0.9,52.4,47.6,0.03,4.5,2.3,6.7,MIA,26.0,34.0,3.1,0.3,2.8,2.9,1.4,10.0,90.0,97.6,48.8,71,559.0,0.3969640036356708,517.0,0.04693737024815065,1.4304679767791073,1.3978477032575298,3.1476331122314964,0.02818090905699601,1.0561831627153484,0.2406278801543114,0.14667047083343748,2.5465411594229113,0.44587147643442127,0.0506535816347118,0.7832919518028865,0.7595416363141668,0.1718272949486765,0.23893990063222453,0.8083996435221715,0.09690621543084815,0.030512912883277808,0.12626729676117288,1.1934088129844025,0.5161785154454084,0.3105453889693688,0.6066860275829448,0.0003800620213016012,0.405547541649827,0.11351562239166971,-0.05172861755831062,0.004102188115592869,0.3196858241333863,0.6191120768549956,0.4141325724306983,0.5740948005436678,0.061316551322255275,3.655484289195398,0.009197522599100878,0.01890707261400627,0.028937636205302653,0.3273861363540156,0.049859063990861686,0.0022052220087554835,0.1431315560146952,0.0025296309598429683,0.005240084409417559,0.13406977434286088,0.0036015802938968436,0.010668751778602263,0.011566955362751288,0.09393495616195341,0.010404197775998833,0.07940092178570168,0.07330639608341355,0.00022294140293335272,0.0,23.300333711290566
SHAI GILGEOUSALEXANDER,OKC,25,55,20,34.0,109.7,4.7,12.8,19.7,2.0,32.8,0.9,19.0,9.6,10.7,8.4,32.5,0.138,OKC,25.0,G,75.0,100.0,6.3,13.9,45.1,46.5,-1.4,OKC,25.0,34.0,0.5,1.2,3.5,0.4,0.6,0.9,38.6,61.4,0.0,2.8,3.3,6.0,OKC,25.0,34.0,0.3,0.0,0.3,0.3,0.1,8.0,92.0,100.0,44.0,75,547.0,0.1668624540487601,535.0,0.04626683638746278,1.4304679767791073,1.3978477032575298,3.225033926466697,0.02818090905699601,1.0561831627153484,0.2710229808053823,0.1490361235888155,2.555860614718146,0.7312292213524508,0.07267687799762998,0.39899590038216737,0.7767648026704972,0.13746183595894118,0.23723318705628008,0.7288849244872039,0.08678168546046103,0.04854327049612378,0.11283460561636725,1.2199290088285004,0.7097454587374366,0.16425541234743476,0.782573993562874,0.0,0.22891938597425762,0.10378571190095516,-0.014484012916326972,0.0017243406698550748,0.2062489187957331,0.6539916304806291,0.39220294537734157,0.6064381695883815,0.03557873965612343,3.7827545352408856,0.0006569658999357771,0.00195590406351789,0.01800564030552165,0.24116612334475193,0.0073865279986461765,0.0033078330131332255,0.13762649616797615,0.0020237047678743746,0.009527426198941015,0.13659146288849464,0.0036015802938968436,0.0011430805477073854,0.001119382777040447,0.09032207323264752,0.0015300290847057108,0.07634704017855931,0.07048691931097456,0.0,0.0,23.16776897357201
IVICA ZUBAC,LAC,27,42,26,26.4,112.4,6.3,23.5,33.6,0.3,7.7,1.2,47.4,8.2,7.1,7.4,24.9,0.084,LAC,27.0,C,68.0,100.0,7.7,16.8,45.8,49.7,-3.9,LAC,27.0,26.4,3.2,7.5,0.6,0.3,0.2,0.5,66.7,33.3,0.0,7.7,2.1,9.8,LAC,27.0,26.4,2.0,0.6,1.4,1.9,1.1,30.4,68.9,98.5,56.7,68,489.0,0.3955066741847143,580.0,0.02816242214889039,1.1107163113814245,1.085387628411729,3.176658417569697,0.03757454540932801,0.8200951616377999,0.17983767885216959,0.18215526216410782,2.6187669379609813,0.1716605184272522,0.04624892236212817,0.9953897725323544,0.7888210191199283,0.5223549766439765,0.28672788075866945,0.939267618600556,0.1417434195854197,0.00832170351362122,0.09940191447156162,0.9136207468291704,0.5419874412176788,0.3015626711066185,0.42442530921243815,0.0,0.39044118623020596,0.08865029558206586,-0.04034832169548228,0.004087128212177284,0.268123594434453,0.5929524116357704,0.41919325559685755,0.5498372737601326,0.04769065102842077,4.100930150354605,0.007226624899293548,0.012387392402279969,0.049515510840184546,0.41673006287810765,0.0461657999915386,0.0011026110043777417,0.14863661586141425,0.001517778575905781,0.0014291139298411523,0.10465007464380051,0.002000877941053802,0.005334375889301132,0.007462551846936314,0.09754783909125932,0.009792186142116549,0.08245480339284406,0.07612587285585252,0.00044588280586670544,0.0,22.91297188004868
VICTOR WEMBANYAMA,SAS,20,19,52,29.7,111.2,8.4,27.3,38.9,1.2,27.4,3.6,70.8,11.7,8.0,8.6,32.4,0.107,SAS,20.0,F-C,71.0,100.0,7.7,16.7,46.2,50.4,-4.2,SAS,20.0,29.7,1.9,4.2,2.9,0.2,0.3,0.5,45.9,54.1,0.15,7.2,1.9,9.1,SAS,20.0,29.7,0.9,0.3,0.6,0.8,0.5,32.8,67.2,100.0,57.6,71,560.0,0.2938953788135913,334.0,0.035873561546800846,1.2495558503041024,1.221061081963195,3.225033926466697,0.11272363622798404,0.922607056842525,0.20263400434047277,0.18215526216410782,2.5908085720752765,0.6108439227151571,0.04184426308954453,1.4867847235293394,0.7957102856624606,0.5635935274316588,0.28502116718272497,0.9541766284196124,0.13161888961503257,0.04022156698250256,0.11552114384532837,0.8910785803616872,0.245184794836569,0.35032599664726316,0.6895318086604477,0.0019003101065080059,0.452028635248661,0.1264888363792891,-0.04345203874898092,0.003037086786597603,0.536247188868906,0.6191120768549956,0.42509738595737667,0.5740948005436678,0.06358753470456104,2.3615701210662725,0.003284829499678885,0.00521574416938104,0.046300217928484245,0.2867752606612465,0.025852847995261618,0.0016539165065666127,0.11010119693438092,0.0010118523839371873,0.005716455719364609,0.13617118146422236,0.002000877941053802,0.002286161095414771,0.0033581483311213413,0.072257658586118,0.005814110521881701,0.06107763214284745,0.05638953544877965,0.00022294140293335272,0.0,22.88911275741102
ANTHONY EDWARDS,MIN,22,54,25,35.1,108.5,4.8,13.1,19.1,1.3,22.4,0.5,11.5,12.0,9.1,9.7,33.7,0.152,MIN,22.0,G,79.0,100.0,4.9,10.9,44.4,46.9,-2.4,MIN,22.0,35.5,0.2,0.5,2.0,0.4,0.5,0.9,44.4,55.6,0.0,1.8,1.3,3.0,MIN,22.0,35.5,0.2,0.0,0.2,0.2,0.1,17.6,82.4,88.2,64.7,79,514.0,0.2236407403578154,542.0,0.05096057341227784,1.4767478230866666,1.4595174548718326,2.844479923143627,0.015656060587220005,1.1027794787174963,0.23049617993728777,0.11591698501352317,2.5279022488324414,0.4993760536065518,0.02863028527179363,0.24149751865236446,0.764708586221066,0.30241603910967063,0.18603177977794624,1.0717921503255021,0.043390842730230514,0.027739011712070733,0.13029710410461454,1.0926320687768307,0.6968409958513013,0.16810514857432773,0.7086500658321792,0.0,0.22194722193443256,0.12973213987619395,-0.024829736427989097,0.002311082059974928,0.25781114849466635,0.6888711841062627,0.39557673415478106,0.6387815386330952,0.03633573411689202,3.8322485198141307,0.0006569658999357771,0.00130393604234526,0.011575054482121061,0.2774035201167613,0.003077719999435907,0.0027565275109443545,0.12111131662781902,0.0020237047678743746,0.00619282702931166,0.14163483997976214,0.0036015802938968436,0.0007620536984715903,0.0007462551846936314,0.0794834244447298,0.0006120116338822843,0.0671853953571322,0.062028488993657614,0.0,0.0,22.747505566974038
MIKAL BRIDGES,BKN,27,32,50,34.8,114.3,3.7,10.5,15.6,1.0,20.9,0.4,9.3,10.7,10.1,11.4,35.4,0.093,BKN,27.0,G-F,80.0,100.0,5.4,11.6,46.5,47.0,-0.5,BKN,27.0,34.8,0.2,0.4,1.5,0.3,0.3,0.6,54.0,46.0,0.01,2.1,2.0,4.1,BKN,27.0,34.8,0.5,0.0,0.5,0.5,0.1,2.6,97.4,97.4,21.1,82,542.0,0.3280981983143878,558.0,0.031179824521985786,1.4641260468209685,1.4307382374518245,3.1411830443785633,0.012524848469776004,1.081034531249827,0.25582543047984685,0.1277452487904133,2.663034350613346,0.4659356928739702,0.04404659272583635,0.19529799334495562,0.8008772355693596,0.04467509668665588,0.19797877480955745,0.34953345242454553,0.0593008183979817,0.02080425878405305,0.15313267905078412,1.2915335376075645,0.41294281235632674,0.13474076794125506,0.5862932199330978,0.00012668734043386708,0.18127626503545274,0.1156778247229396,-0.005172861755831062,0.0033905354579907582,0.5156222969893327,0.7150308493254878,0.3964201813491409,0.6468673808942736,0.028008795048437597,3.94537762741012,0.0006569658999357771,0.00325984010586315,0.01350423022914124,0.3373826596014664,0.0024621759995487255,0.0016539165065666127,0.14863661586141425,0.001517778575905781,0.0047637130994705075,0.14877962419239107,0.0024010535292645625,0.0019051342461789756,0.0018656379617340785,0.09754783909125932,0.0006120116338822843,0.08245480339284406,0.07612587285585252,0.0,0.0,22.432639949882994
AUSTIN REAVES,LAL,26,47,35,32.1,115.6,3.6,10.7,15.7,0.8,17.5,0.3,8.2,11.1,9.4,10.9,34.0,0.074,LAL,26.0,G,82.0,100.0,7.2,14.5,49.4,46.8,2.7,LAL,26.0,32.1,0.3,0.6,1.3,0.5,0.5,1.0,47.5,52.5,0.1,3.0,2.2,5.2,LAL,26.0,32.1,0.6,0.0,0.6,0.6,0.2,4.0,96.0,98.0,26.0,82,498.0,0.3318483997373827,522.0,0.024809752845451054,1.3505300604296866,1.3197326845460797,3.160533247937363,0.009393636352332002,0.9971611624459614,0.23809495510005552,0.1703269983872177,2.6933225803228593,0.3901375418801186,0.04845125199841999,0.17219823069125118,0.8508244180027175,0.06873091797947059,0.24747346851194682,0.430704728106075,0.0752107940657329,0.018030357612845976,0.14641633347838132,1.272969400516696,0.6065097556483549,0.13730725875918373,0.6691390010106008,0.0012668734043386708,0.18243829237542358,0.1200022293854794,0.027933453481487736,0.0034292896814659135,0.36093560789253293,0.7150308493254878,0.39473328696042115,0.6630390654166305,0.027251800587669014,3.6908371353191445,0.0013139317998715541,0.00391180812703578,0.01929175747020177,0.29677178390869735,0.0036932639993230883,0.0027565275109443545,0.1431315560146952,0.0025296309598429683,0.0038109704795764063,0.142895684252579,0.004001755882107604,0.002286161095414771,0.002238765554080894,0.09393495616195341,0.0009180174508234265,0.07940092178570168,0.07330639608341355,0.0,0.0,22.161100308995145
DERRICK WHITE,BOS,29,58,15,32.6,109.9,3.5,10.0,14.6,1.0,22.4,1.2,25.5,8.5,9.4,8.6,32.5,0.13,BOS,29.0,G,73.0,100.0,6.3,13.8,45.3,47.0,-1.6,BOS,29.0,32.6,0.6,1.4,2.1,0.2,0.3,0.5,36.8,63.2,0.1,4.1,2.5,6.6,BOS,29.0,32.6,0.3,0.0,0.3,0.3,0.1,8.7,91.3,95.5,22.7,73,553.0,0.4022084059288889,515.0,0.04358470094471131,1.37156635420585,1.3402892684175138,3.0799073997756956,0.03757454540932801,1.0126932677800107,0.23809495510005552,0.1490361235888155,2.5605203423657636,0.4993760536065518,0.05505824090729544,0.53549449788133,0.7802094359417632,0.14948974660534853,0.23552647348033562,0.37603835876953473,0.09545985400650712,0.029125962297674272,0.11552114384532837,1.210646940283066,0.7484588473958422,0.1283245408964334,0.8055159021689519,0.0012668734043386708,0.16965599163574424,0.09189359907897071,-0.016553157618659397,0.004156383268210214,0.15468668909679983,0.6365518536678123,0.3964201813491409,0.5902664850660246,0.02649480612690043,3.641343150745899,0.0006569658999357771,0.00195590406351789,0.026365401875942416,0.2299200346913697,0.00861761599842054,0.0016539165065666127,0.15964673555485234,0.0010118523839371873,0.0047637130994705075,0.13659146288849464,0.002000877941053802,0.0011430805477073854,0.001119382777040447,0.10477360494987112,0.001836034901646853,0.0885625666071288,0.08176482640073049,0.0,0.0,22.14607978858257
FRED VANVLEET,HOU,30,38,35,36.8,111.6,3.4,8.9,13.2,1.4,23.9,0.8,23.7,11.0,10.0,7.8,36.4,0.126,HOU,30.0,G,73.0,100.0,6.2,13.2,47.1,46.7,0.4,HOU,30.0,36.8,0.8,1.8,3.1,0.3,0.4,0.6,38.3,61.7,0.0,1.7,2.2,3.9,HOU,30.0,36.8,0.6,0.0,0.6,0.6,0.1,0.0,100.0,97.8,22.2,73,532.0,0.519906932314733,434.0,0.04224363322333558,1.5482712219256218,1.5129645729375616,3.1540831800844296,0.02504969693955201,1.143162952586024,0.25329250542559095,0.14667047083343748,2.600128027370511,0.5328164143391334,0.04845125199841999,0.4976948862661772,0.8112111353831578,0.0,0.22528619202466882,0.36775557553672555,0.05640809554929967,0.04299546815370964,0.10477499092948386,1.3260097922048917,0.490369589673138,0.11420884139782572,0.7863976449972204,0.0,0.15338760887615233,0.11892112821984446,0.004138289404664849,0.005372668603255181,0.36093560789253293,0.6365518536678123,0.39388983976606134,0.5902664850660246,0.025737811666131843,3.068627043541204,0.0006569658999357771,0.00391180812703578,0.010931995899781003,0.23929177523585488,0.011079791997969265,0.0022052220087554835,0.16515179540157138,0.001517778575905781,0.00666919833925871,0.152982438435114,0.0024010535292645625,0.002286161095414771,0.002238765554080894,0.10838648787917701,0.0024480465355291373,0.09161644821427117,0.08458430317316948,0.0,0.0,22.076434512385692
NAZ REID,MIN,24,56,25,24.2,105.5,4.3,17.0,25.2,0.8,18.2,0.9,26.4,8.1,6.5,6.8,23.1,0.128,MIN,24.0,C-F,81.0,100.0,4.6,9.7,47.5,48.1,-0.6,MIN,24.0,24.2,0.7,1.6,1.3,0.2,0.2,0.4,53.1,46.9,0.01,3.2,2.1,5.4,MIN,24.0,24.2,0.8,0.1,0.7,0.8,0.4,9.2,90.8,98.5,46.2,81,494.0,0.3241507560800515,554.0,0.04291416708402345,1.0181566187663058,0.9949386593774182,3.176658417569697,0.02818090905699601,0.7517538981679833,0.16464012852663412,0.10882002674738908,2.4580063341181804,0.4057430435553233,0.04624892236212817,0.5543943036889063,0.8181004019256899,0.15808111135278236,0.1655512168666127,0.7653291707115641,0.07810351691441493,0.018030357612845976,0.09134229978467824,1.2040168913220415,0.7226499216235718,0.21815171952393678,0.5977641742361367,0.00012668734043386708,0.2928308896726544,0.08756919441643092,-0.006207434106997274,0.003349742966801694,0.25781114849466635,0.7063109609190794,0.40569810048709953,0.654953223155452,0.0325507618130491,3.9170953505111226,0.0026278635997431083,0.00521574416938104,0.02057787463488189,0.3317596152747753,0.009848703998194902,0.0011026110043777417,0.1321214363212571,0.0010118523839371873,0.0038109704795764063,0.09708500900689927,0.0016007023528430417,0.002667187944650566,0.0029850207387745256,0.08670919030334161,0.002142040718587995,0.07329315857141694,0.06766744253853559,7.431380097778425e-05,0.0,21.781965574407206
JAYLEN BROWN,BOS,27,52,18,33.5,111.6,4.3,11.9,17.5,1.2,25.5,0.5,11.0,9.5,9.9,9.6,33.3,0.118,BOS,27.0,G-F,70.0,100.0,4.8,10.8,44.8,47.1,-2.4,BOS,27.0,33.5,0.2,0.6,1.8,0.6,0.5,1.1,54.1,45.9,0.01,2.0,2.1,4.2,BOS,27.0,33.5,0.9,0.1,0.7,0.8,0.4,14.8,85.2,98.3,52.5,70,527.0,0.2132371712878469,425.0,0.03956149778058411,1.409431683002944,1.3772911193860955,3.1702083497167632,0.015656060587220005,1.0406510573812993,0.25075958037133506,0.11355133225814514,2.600128027370511,0.5684861324538871,0.04624892236212817,0.23099762653704428,0.771597852763598,0.2543043965240412,0.18432506620200179,0.8696922394449592,0.06074717982232272,0.02496511054086366,0.128953834990134,1.1297603429585676,0.671032070079031,0.15270620366675575,0.5850186694549824,0.00012668734043386708,0.2033547844948989,0.10270461073532021,-0.024829736427989097,0.002203572570430019,0.18562402691615978,0.6103921884485872,0.39726362854350084,0.5660089582824894,0.0325507618130491,3.0049919205184605,0.0026278635997431083,0.00521574416938104,0.01286117164680118,0.33800744230443214,0.0036932639993230883,0.0027565275109443545,0.14863661586141425,0.003035557151811562,0.005716455719364609,0.13995371428267298,0.0044019314703183645,0.002667187944650566,0.0033581483311213413,0.09754783909125932,0.0006120116338822843,0.08245480339284406,0.07612587285585252,7.431380097778425e-05,0.0,21.70621222365735
DILLON BROOKS,HOU,28,36,36,30.9,113.6,2.7,8.4,12.7,0.9,18.7,0.1,5.0,10.0,9.1,7.0,31.1,0.089,HOU,28.0,G-F,72.0,100.0,6.9,14.1,48.8,47.4,1.4,HOU,28.0,30.9,0.5,1.1,1.4,0.2,0.2,0.4,41.4,58.6,0.0,2.1,2.6,4.7,HOU,28.0,30.9,0.6,0.1,0.5,0.5,0.2,12.5,87.5,94.6,40.5,72,537.0,0.4691171521595748,508.0,0.02983875680061005,1.3000429553668946,1.2703968832546373,3.0508820944374953,0.003131212117444001,0.9598841096442431,0.23049617993728777,0.16323004012108364,2.646725303846685,0.4168898304661839,0.05726057054358726,0.10499892115320195,0.8404905181889193,0.2147841186858456,0.24064661420816896,0.67090544185754,0.0679789869440278,0.01941730819844951,0.09402883801363937,1.1602585681792803,0.4645606639008676,0.10779261435300405,0.746886580175642,0.0,0.14757747217629807,0.10811011656349497,0.014484012916326972,0.004847811864009662,0.37124805383231957,0.627831965261404,0.3997939701265804,0.5821806428048463,0.02043885044075176,3.5918491661726537,0.0013139317998715541,0.00325984010586315,0.01350423022914124,0.25866003902779094,0.006770983998758996,0.0011026110043777417,0.15414167570813328,0.0010118523839371873,0.004287341789523457,0.13070752294868257,0.0016007023528430417,0.0019051342461789756,0.002238765554080894,0.10116072202056521,0.0015300290847057108,0.08550868499998643,0.07894534962829151,7.431380097778425e-05,0.0,21.577612903237135
ROYCE O.NEALE,PHX,31,38,41,24.7,110.4,4.0,15.5,23.1,0.7,18.6,0.6,19.0,9.0,6.5,7.6,23.7,0.095,PHX,31.0,F,78.0,100.0,4.8,10.0,47.8,46.9,0.9,PHX,31.0,24.9,0.7,1.5,1.6,0.1,0.2,0.4,34.5,65.5,0.01,1.5,1.6,3.1,PHX,31.0,24.9,0.7,0.1,0.6,0.6,0.3,7.5,92.5,96.1,41.2,79,475.0,0.5344789410005025,532.0,0.03185035838267365,1.039192912542469,1.0237178767974262,3.099257603334496,0.018787272704664005,0.7734988456356522,0.16464012852663412,0.11355133225814514,2.572169661484807,0.4146604730840118,0.03523727418066908,0.39899590038216737,0.8232673518325889,0.12887047121150735,0.17067135759444607,0.6825013383834728,0.044837204154571535,0.022191209369656587,0.10208845270052273,1.2265590577895247,0.490369589673138,0.19890303838947176,0.8348305631656067,0.00012668734043386708,0.26842831553326657,0.09729910490714547,0.009311151160495912,0.005523254349830689,0.42281028353125283,0.6888711841062627,0.39557673415478106,0.6306956963719168,0.030279778430743347,3.7615428275666374,0.001970897699807331,0.00391180812703578,0.009645878735100885,0.2155500325231591,0.00923315999830772,0.0011026110043777417,0.17065685524829044,0.0005059261919685937,0.003334599169629355,0.09960669755253301,0.0016007023528430417,0.002286161095414771,0.00261189314642771,0.11199937080848292,0.002142040718587995,0.09467032982141355,0.08740377994560845,7.431380097778425e-05,0.0,21.539421348971057
JALEN WILLIAMS,OKC,23,51,20,31.3,108.9,3.5,10.2,15.8,1.1,20.5,0.6,13.8,8.9,10.1,8.0,30.8,0.135,OKC,23.0,G-F,71.0,100.0,4.5,10.0,44.8,47.3,-2.5,OKC,23.0,31.3,0.3,0.7,2.8,0.3,0.4,0.7,43.1,56.9,0.01,2.3,1.7,4.0,OKC,23.0,31.3,0.7,0.1,0.7,0.7,0.4,7.7,92.3,94.2,50.0,71,529.0,0.187774602804631,483.0,0.04526103559643098,1.3168719903878252,1.2868421503517848,3.037981958731629,0.018787272704664005,0.9723097939114826,0.25582543047984685,0.10645437399201106,2.5372217041276763,0.4570182633452818,0.0374396038169609,0.2897970223828374,0.771597852763598,0.1323070171104809,0.17067135759444607,0.8282783232809134,0.05785445697364069,0.03883461639689902,0.107461529158445,1.223907038205115,0.6581276071928958,0.13089103171436206,0.7252192220476796,0.00012668734043386708,0.18360031971539445,0.09621800374151052,-0.02586430877915531,0.0019404448186246368,0.2062489187957331,0.6191120768549956,0.39895052293222055,0.5740948005436678,0.02649480612690043,3.415084935553921,0.0026278635997431083,0.004563776148208409,0.014790347393821356,0.2692813449782075,0.00430880799921027,0.0022052220087554835,0.12661637647453805,0.001517778575905781,0.005240084409417559,0.1294466786758657,0.0028012291174753226,0.002667187944650566,0.00261189314642771,0.08309630737403571,0.0009180174508234265,0.07023927696427457,0.0648479657660966,7.431380097778425e-05,0.0,21.49082233173959
AL HORFORD,BOS,38,51,14,26.8,109.5,5.1,17.8,25.5,0.6,16.7,1.0,25.8,7.4,7.1,6.5,26.3,0.109,BOS,38.0,C-F,65.0,100.0,6.3,13.4,46.5,48.0,-1.5,BOS,38.0,26.8,1.4,3.4,1.0,0.1,0.3,0.4,26.9,73.1,0.0,5.0,3.1,8.1,BOS,38.0,26.8,1.6,0.3,1.3,1.5,0.9,21.2,78.8,96.1,60.2,65,509.0,0.5705944177711612,410.0,0.036544095407488715,1.1275453464023553,1.1018328955088765,3.099257603334496,0.03131212117444001,0.8325208459050394,0.17983767885216959,0.1490361235888155,2.5512008870705287,0.37230268282274176,0.06827221872504635,0.541794433150522,0.8008772355693596,0.3642738652911941,0.22869961917655776,0.9972471012302199,0.11715527537162239,0.013869505856035367,0.08731249244123655,1.0448957162574546,0.6581276071928958,0.22841768279565144,0.9316963995023793,0.0,0.296316971692567,0.08000148625698628,-0.015518585267493185,0.005896468238850054,0.14437424315701317,0.5667927464165452,0.4048546532927397,0.5255797469765973,0.038606717499197765,2.8989333821472205,0.005912693099421993,0.00977952031758945,0.032152929117002946,0.16806654709776753,0.020928495996164167,0.0016539165065666127,0.20919227417532374,0.0005059261919685937,0.0028582278596823046,0.11053401458361259,0.0016007023528430417,0.004953349040065337,0.005970041477549051,0.13728955131362422,0.00428408143717599,0.11604750107141015,0.10714011735268134,0.00022294140293335272,0.0,21.44896009343074
JRUE HOLIDAY,BOS,34,53,16,32.8,110.9,4.2,11.7,17.2,0.9,19.7,0.8,17.6,9.1,9.6,8.8,31.9,0.121,BOS,34.0,G,69.0,100.0,6.6,14.6,45.1,47.2,-2.1,BOS,34.0,32.8,0.5,1.3,2.3,0.4,0.4,0.8,48.1,51.9,0.09,2.4,2.7,5.1,BOS,34.0,32.8,0.7,0.1,0.7,0.7,0.3,8.0,92.0,95.8,35.4,69,555.0,0.5338598289980065,416.0,0.040567298571615916,1.3799808717163151,1.3485119019660874,3.0895825015550957,0.02504969693955201,1.0189061099136303,0.2431608052085673,0.15613308185494956,2.5838189806038505,0.4391834042879049,0.059462900179879076,0.3695962024592709,0.7767648026704972,0.13746183595894118,0.24918018208789128,0.5864210528828867,0.07376443264139187,0.031899863468881344,0.1182076820742895,1.2199290088285004,0.6839365329651662,0.15013971284882707,0.6614916981419082,0.0011401860639048036,0.19986870247498636,0.0983802060727804,-0.02172601937449046,0.005516856505503244,0.16499913503658648,0.6016723000421788,0.3981070757378607,0.557923116021311,0.03179376735228052,2.9413567974957164,0.001970897699807331,0.004563776148208409,0.015433405976161415,0.3005204801264914,0.008002071998533358,0.0022052220087554835,0.18717203478844757,0.0020237047678743746,0.004287341789523457,0.13406977434286088,0.0032014047056860835,0.002667187944650566,0.00261189314642771,0.12283801959640062,0.0015300290847057108,0.10383197464284066,0.0958622102629254,7.431380097778425e-05,0.0,21.415048426085797
LUGUENTZ DORT,OKC,25,54,25,28.4,112.1,2.7,8.9,13.7,0.9,19.0,0.6,15.2,8.6,9.3,7.8,27.2,0.095,OKC,25.0,G,79.0,100.0,5.1,11.5,44.6,47.0,-2.4,OKC,25.0,28.4,0.8,1.7,1.7,0.3,0.6,0.8,34.3,65.7,0.05,1.7,2.5,4.2,OKC,25.0,28.4,0.6,0.2,0.4,0.5,0.2,30.4,69.6,90.9,38.6,79,551.0,0.5555185835272263,491.0,0.03185035838267365,1.1948614864860778,1.167613963897466,2.9315558391582277,0.018787272704664005,0.882223582973997,0.23556203004579962,0.1206482905242792,2.611777346489555,0.42357790261270023,0.05505824090729544,0.3191967203057339,0.7681532194923321,0.5223549766439765,0.196272061233613,0.6394308655728652,0.06074717982232272,0.023578159955260122,0.10477499092948386,0.9229028153746045,0.6968409958513013,0.11420884139782572,0.8373796641218376,0.0006334367021693354,0.15919774557600658,0.09297470024460566,-0.024829736427989097,0.005740676007056469,0.25781114849466635,0.6888711841062627,0.3964201813491409,0.6387815386330952,0.02043885044075176,3.4716494893519156,0.0013139317998715541,0.00325984010586315,0.010931995899781003,0.21430046711722772,0.010464247998082083,0.0033078330131332255,0.13762649616797615,0.001517778575905781,0.004287341789523457,0.1143165474020632,0.0032014047056860835,0.0015241073969431806,0.002238765554080894,0.09032207323264752,0.0024480465355291373,0.07634704017855931,0.07048691931097456,0.0001486276019555685,0.0,21.335089483747378
JADEN MCDANIELS,MIN,23,48,24,29.2,110.4,2.3,7.8,11.5,0.9,19.2,0.6,17.3,9.9,7.9,7.9,28.1,0.11,MIN,23.0,F,72.0,100.0,5.5,12.2,45.2,46.8,-1.7,MIN,23.0,29.6,0.2,0.5,2.0,0.3,0.3,0.6,44.4,55.6,0.0,3.3,2.0,5.3,MIN,23.0,29.6,0.3,0.0,0.3,0.3,0.1,4.3,95.7,91.3,21.7,72,554.0,0.4804814396342488,550.0,0.03687936233783265,1.2285195565279392,1.2169497651889083,2.9444559748640944,0.018787272704664005,0.9195006357757152,0.20010107928621687,0.1301109015457913,2.572169661484807,0.4280366173770444,0.04404659272583635,0.36329626719007874,0.7784871193061302,0.07388573682793088,0.20821905626522422,0.35947279230391643,0.0766571554900739,0.027739011712070733,0.10611826004396444,1.2689913711400813,0.6194142185344901,0.10009314189921804,0.7086500658321792,0.0,0.13363314409664787,0.10702901539786001,-0.01758772996982561,0.004965249325829435,0.2474987025548797,0.627831965261404,0.39473328696042115,0.5821806428048463,0.017410872597677422,3.888813073612125,0.0006569658999357771,0.00195590406351789,0.021220933217221946,0.2774035201167613,0.003077719999435907,0.0016539165065666127,0.12661637647453805,0.001517778575905781,0.004287341789523457,0.11809908022051384,0.0024010535292645625,0.0011430805477073854,0.001119382777040447,0.08309630737403571,0.0006120116338822843,0.07023927696427457,0.0648479657660966,0.0,0.0,21.19703845446229
GARY TRENT JR,TOR,25,24,47,28.1,118.2,2.3,8.3,12.8,1.1,24.3,0.1,5.3,9.6,9.4,8.3,32.7,0.044,TOR,25.0,G,71.0,100.0,3.6,6.9,51.4,46.4,5.0,TOR,25.0,28.3,0.2,0.3,2.1,0.2,0.4,0.6,38.1,61.9,0.01,0.6,1.0,1.5,TOR,25.0,28.3,0.2,0.0,0.2,0.2,0.1,0.0,100.0,100.0,35.7,71,479.0,0.6568984939962398,490.0,0.014751744935133058,1.1822397102203799,1.1635026471231793,3.225033926466697,0.003131212117444001,0.8791171619071871,0.23809495510005552,0.08516349919360885,2.753899039741886,0.5417338438678219,0.022023296362918176,0.11129885642239407,0.8852707507153781,0.0,0.11776323674016781,0.5913907228225723,0.021695421365115257,0.029125962297674272,0.1114913365018867,1.3260097922048917,0.30970710926724504,0.10650936894403973,0.7889467459534512,0.00012668734043386708,0.14873949951626894,0.10378571190095516,0.05172861755831062,0.006788326323147966,0.4846849591699728,0.6191120768549956,0.39135949818298166,0.5740948005436678,0.017410872597677422,3.464578920127166,0.0006569658999357771,0.00130393604234526,0.0038583514940403536,0.23804220982992355,0.0018466319996615441,0.0022052220087554835,0.13762649616797615,0.0010118523839371873,0.005240084409417559,0.13743202573703925,0.0024010535292645625,0.0007620536984715903,0.0007462551846936314,0.09032207323264752,0.0006120116338822843,0.07634704017855931,0.07048691931097456,0.0,0.0,21.141211493128232
DENNIS SCHR.DER,BKN,30,30,50,31.1,115.4,2.5,8.2,12.1,0.8,18.3,0.2,7.1,9.7,9.0,9.3,33.1,0.074,BKN,30.0,G,80.0,100.0,5.7,11.9,48.1,46.4,1.7,BKN,30.0,31.2,0.3,0.7,1.4,0.3,0.5,0.8,41.8,58.2,0.04,1.7,1.6,3.4,BKN,30.0,31.2,0.3,0.0,0.3,0.2,0.0,4.5,95.5,95.0,0.0,80,517.0,0.4218068488188842,499.0,0.024809752845451054,1.30845747287736,1.2827308335774978,3.0637822301433624,0.006262424234888002,0.9692033728446727,0.22796325488303187,0.13484220705654734,2.6886628526752423,0.4079724009374955,0.03523727418066908,0.14909846803754676,0.8284343017394882,0.07732228272690442,0.20309891553739085,0.0,0.04917628842759458,0.01941730819844951,0.12492402764669232,1.2663393515556716,0.38713388658405634,0.10522612353507538,0.7417883782631803,0.0005067493617354683,0.14060530813647296,0.10486681306659011,0.01758772996982561,0.004358911705980736,0.5156222969893327,0.697591072512671,0.39135949818298166,0.6468673808942736,0.018924861519214593,3.52821404314991,0.0,0.00130393604234526,0.010931995899781003,0.26115916983965365,0.00430880799921027,0.0027565275109443545,0.16515179540157138,0.001517778575905781,0.0038109704795764063,0.1391131514341284,0.0032014047056860835,0.0011430805477073854,0.001119382777040447,0.10838648787917701,0.0009180174508234265,0.09161644821427117,0.08458430317316948,0.0,0.0,21.049411331928248
FRANZ WAGNER,ORL,22,44,28,32.5,108.2,4.3,13.7,19.6,1.1,19.0,0.4,11.3,10.1,7.5,9.8,31.1,0.144,ORL,22.0,F,72.0,100.0,5.6,11.8,47.6,47.2,0.4,ORL,22.0,32.5,0.2,0.5,2.0,0.4,0.4,0.8,46.4,53.6,0.06,2.6,2.2,4.8,ORL,22.0,32.5,0.5,0.0,0.5,0.5,0.2,0.0,100.0,100.0,32.4,72,503.0,0.2328223256593186,396.0,0.048278437969526376,1.3673590954506174,1.336177951643227,3.225033926466697,0.012524848469776004,1.0095868467132008,0.18996937906919323,0.1324765543011693,2.5209126573610154,0.42357790261270023,0.04845125199841999,0.2372975618062364,0.8198227185613229,0.0,0.2013922019614464,0.5367243534860319,0.06942534836836882,0.027739011712070733,0.13164037321909514,1.3260097922048917,0.5677963669899493,0.17580462102811376,0.6831590562698705,0.0007601240426032024,0.2277573586342868,0.1091912177291299,0.004138289404664849,0.0024059636859187676,0.28874848631402633,0.627831965261404,0.3981070757378607,0.5821806428048463,0.0325507618130491,2.79994541300073,0.0013139317998715541,0.00325984010586315,0.016719523140841533,0.28989917417607486,0.003077719999435907,0.0022052220087554835,0.12111131662781902,0.0020237047678743746,0.005240084409417559,0.13070752294868257,0.0032014047056860835,0.0019051342461789756,0.0018656379617340785,0.0794834244447298,0.0006120116338822843,0.0671853953571322,0.062028488993657614,0.0,0.0,20.956617093419098
MIKE CONLEY,MIN,36,53,23,28.9,108.0,2.4,8.1,11.8,1.2,26.2,0.2,6.3,10.3,7.9,7.9,27.8,0.128,MIN,36.0,G,76.0,100.0,4.4,9.9,44.8,46.1,-1.3,MIN,36.0,28.9,0.3,0.7,2.2,0.3,0.3,0.6,46.9,53.1,0.01,1.2,1.3,2.5,MIN,36.0,28.9,0.1,0.0,0.1,0.1,0.0,0.0,100.0,100.0,22.2,76,505.0,0.6114743641447913,475.0,0.04291416708402345,1.2158977802622413,1.1881705477689002,3.225033926466697,0.006262424234888002,0.8977556883080462,0.20010107928621687,0.10408872123663306,2.516252929713398,0.5840916341290918,0.02863028527179363,0.13229864065303445,0.771597852763598,0.0,0.16896464401850164,0.36775557553672555,0.03615903560852543,0.030512912883277808,0.10611826004396444,1.3260097922048917,0.6839365329651662,0.10394287812611104,0.6767863038792934,0.00012668734043386708,0.1371192261165604,0.11135342006039982,-0.01344944056516076,0.006318917701884717,0.23718625661509307,0.6627115188870375,0.3888291565999021,0.61452401184956,0.01816786705844601,3.3585203817559264,0.0,0.00065196802117263,0.007716702988080707,0.29302308769090324,0.00430880799921027,0.0016539165065666127,0.19818215448188567,0.001517778575905781,0.005716455719364609,0.11683823594769696,0.0024010535292645625,0.00038102684923579515,0.0003731275923468157,0.1300637854550124,0.0009180174508234265,0.10993973785712541,0.10150116380780337,0.0,0.0,20.909876636337497
NORMAN POWELL,LAC,31,48,28,26.2,113.0,2.4,8.5,13.0,0.6,13.6,0.3,9.6,8.7,7.8,8.1,27.0,0.082,LAC,31.0,G,76.0,100.0,3.8,8.3,45.6,46.5,-0.9,LAC,31.0,26.2,0.3,0.8,1.2,0.2,0.2,0.4,42.9,57.1,0.0,1.4,1.3,2.7,LAC,31.0,26.2,0.3,0.0,0.3,0.3,0.1,0.0,100.0,100.0,34.6,76,476.0,0.2514514491962702,427.0,0.027491888288202523,1.1023017938709592,1.0771649948631552,3.225033926466697,0.009393636352332002,0.8138823195041803,0.19756815423196095,0.0898948047043649,2.632746120903833,0.3031926039754064,0.02863028527179363,0.20159792861414774,0.7853763858486623,0.0,0.14165722680339027,0.5731685997103921,0.039051758457207465,0.01664340702724244,0.10880479827292555,1.3260097922048917,0.6194142185344901,0.10907585976196839,0.7277683230039106,0.0,0.15106355419621062,0.09405580141024061,-0.009311151160495912,0.002598475270035427,0.28874848631402633,0.6627115188870375,0.39220294537734157,0.61452401184956,0.01816786705844601,3.019133058967959,0.0006569658999357771,0.00195590406351789,0.009002820152760825,0.2680317795722761,0.004924351999097451,0.0011026110043777417,0.17065685524829044,0.0010118523839371873,0.0028582278596823046,0.11347598455351862,0.0016007023528430417,0.0011430805477073854,0.001119382777040447,0.11199937080848292,0.0009180174508234265,0.09467032982141355,0.08740377994560845,0.0,0.0,20.262295411283784
JUSUF NURKI.,PHX,29,48,28,27.3,111.3,8.1,28.4,40.0,1.1,25.3,1.1,35.9,9.8,6.7,8.0,28.3,0.097,PHX,29.0,C,76.0,100.0,7.4,15.7,47.3,49.8,-2.6,PHX,29.0,27.3,4.4,9.8,2.2,0.5,0.3,0.8,59.3,40.7,0.01,6.4,1.1,7.5,PHX,29.0,27.3,3.4,1.3,2.1,3.3,2.3,37.3,62.7,96.5,66.8,76,510.0,,,0.03252089224336152,1.1485816401785185,1.1223894793803106,3.112157739040363,0.03444333329188402,0.8480529512390886,0.16970597863514594,0.17505830389797375,2.593138435899085,0.5640274176895429,0.024225625999209997,0.7538922538799899,0.8146557686544238,0.6409158101585632,0.26795403142328034,1.1065798399033004,0.10847710682557629,0.030512912883277808,0.107461529158445,0.8314081397124671,0.6194142185344901,0.36444169614587085,0.51874204459298,0.00012668734043386708,0.4648109359883404,0.10594791423222508,-0.02689888113032152,,0.28874848631402633,0.6627115188870375,0.4200367027912174,0.61452401184956,0.061316551322255275,,0.01511021569852287,0.02151494469869679,0.04115574926976378,0.3704961428586474,0.06032331198894378,0.0016539165065666127,0.15964673555485234,0.0025296309598429683,0.005240084409417559,0.11893964306905841,0.0032014047056860835,0.008001563833951697,0.012686338139791734,0.10477360494987112,0.013464255945410257,0.0885625666071288,0.08176482640073049,0.0009660794127111952,0.0,19.690112091971514
CLINT CAPELA,ATL,30,33,40,25.8,115.6,6.0,23.2,33.5,0.6,15.0,1.5,56.4,8.5,7.2,9.4,28.5,0.06,ATL,30.0,C,73.0,100.0,6.5,13.2,49.4,49.9,-0.6,ATL,30.0,25.8,3.1,7.2,1.2,0.5,0.3,0.7,64.7,35.3,0.19,7.0,1.6,8.6,ATL,30.0,25.8,2.4,0.7,1.7,2.4,1.7,30.7,69.3,98.9,70.3,73,500.0,,,0.02011601582063599,1.0854727588500286,1.0607197277660079,3.1895585532755635,0.04696818176166001,0.8014566352369409,0.18237060390642548,0.15376742909957153,2.6933225803228593,0.334403607325816,0.03523727418066908,1.184387830608118,0.8508244180027175,0.5275097954924368,0.22528619202466882,1.1645593225329642,0.12438708249332747,0.01664340702724244,0.12626729676117288,0.9189247859979899,0.42584727524246196,0.2977129348797255,0.44991631877474675,0.0024070594682434744,0.38927915889023507,0.09189359907897071,-0.006207434106997274,,0.4124978375914662,0.6365518536678123,0.42088014998557727,0.5902664850660246,0.04541966764611502,,0.011168420298908209,0.01564723250814312,0.04501410076380413,0.4042344088187941,0.04431916799187706,0.0016539165065666127,0.16515179540157138,0.0025296309598429683,0.0028582278596823046,0.119780205917603,0.0028012291174753226,0.0064774564370085165,0.008955062216323577,0.10838648787917701,0.009486180325175408,0.09161644821427117,0.08458430317316948,0.0005201966068444897,0.0,19.623832875667436
CHET HOLMGREN,OKC,22,57,25,29.4,109.2,6.3,19.8,30.7,0.6,13.3,2.3,50.9,8.2,10.0,7.4,28.3,0.124,OKC,22.0,C-F,82.0,100.0,7.4,16.2,45.5,49.9,-4.4,OKC,22.0,29.4,2.1,4.5,1.2,0.3,0.2,0.5,53.5,46.5,0.05,9.5,2.1,11.6,OKC,22.0,29.4,2.0,0.2,1.8,1.9,1.0,9.0,91.0,97.5,50.0,82,549.0,,,0.04157309936264771,1.2369340740384045,1.2087271316403345,3.14440807830503,0.07201787870121201,0.9132877936420954,0.25329250542559095,0.17505830389797375,2.5442112955991023,0.29650453182889014,0.04624892236212817,1.0688890173395957,0.7836540692130293,0.15464456545380884,0.27648759930300265,0.8282783232809134,0.167777925223558,0.01664340702724244,0.09940191447156162,1.2066689109064515,0.735554384509707,0.2540825909749381,0.592665972323675,0.0006334367021693354,0.35674239337105124,0.08865029558206586,-0.04552118345131335,,0.25781114849466635,0.7150308493254878,0.42088014998557727,0.6630390654166305,0.04769065102842077,,0.00656965899935777,0.012387392402279969,0.061090565322305605,0.334258746086638,0.027699479994923164,0.0011026110043777417,0.12111131662781902,0.001517778575905781,0.0028582278596823046,0.11893964306905841,0.002000877941053802,0.006858483286244312,0.007462551846936314,0.0794834244447298,0.006426122155763985,0.0671853953571322,0.062028488993657614,0.0001486276019555685,0.0,19.54109849285547
DANIEL GAFFORD,DAL,25,30,44,24.5,116.0,5.0,18.6,29.3,0.9,22.8,2.1,57.7,7.8,8.7,7.8,27.2,0.055,DAL,25.0,F-C,73.0,100.0,7.5,15.4,48.8,50.3,-1.5,DAL,25.0,24.5,3.7,8.3,1.6,0.3,0.3,0.6,46.7,53.3,0.07,7.2,1.6,8.8,DAL,25.0,24.5,2.3,0.7,1.6,2.1,1.1,28.7,71.3,96.4,50.9,74,490.0,,,0.018439681168916325,1.0307783950320037,1.0072726097002789,3.1089327051138964,0.06575545446632403,0.7610731613684129,0.22036447972026413,0.17742395665335178,2.7026420356180942,0.5082934831352403,0.03523727418066908,1.2116875501079505,0.8404905181889193,0.49314433650270145,0.262833890695447,0.84318733309997,0.12727980534200953,0.022191209369656587,0.10477499092948386,0.9454449818420877,0.38713388658405634,0.23868364606736614,0.6793354048355241,0.0008868113830370696,0.3404740106114593,0.08432589091952607,-0.015518585267493185,,0.4537476213506128,0.6452717420742207,0.42425393876301676,0.5902664850660246,0.037849723038429185,,0.007226624899293548,0.01369132844462523,0.046300217928484245,0.2917735222849719,0.05109015199063606,0.0016539165065666127,0.13762649616797615,0.001517778575905781,0.004287341789523457,0.1143165474020632,0.0024010535292645625,0.006096429587772722,0.00858193462397676,0.09032207323264752,0.01132221522682226,0.07634704017855931,0.07048691931097456,0.0005201966068444897,0.0,19.289520215948368
PAUL GEORGE,LAC,34,48,26,33.8,112.1,4.7,13.8,20.2,1.5,26.9,0.5,14.0,10.1,9.2,9.3,33.0,0.111,LAC,34.0,F,74.0,100.0,6.3,14.2,44.6,47.2,-2.6,LAC,34.0,33.8,0.5,1.1,3.0,0.3,0.4,0.7,47.2,52.8,0.07,3.2,2.7,5.9,LAC,34.0,33.8,0.6,0.0,0.6,0.6,0.4,4.4,95.6,95.6,60.0,74,525.0,,,0.037214629268176584,1.4220534592686418,1.389625069708956,3.083132433702162,0.015656060587220005,1.0499703205817288,0.23302910499154367,0.1490361235888155,2.611777346489555,0.5996971358042966,0.059462900179879076,0.29399697922896545,0.7681532194923321,0.07560400977741766,0.24235332778411342,0.9939339879370962,0.08533532403612001,0.0416085175681061,0.12492402764669232,1.2676653613478763,0.6194142185344901,0.1770878664370781,0.672962652444947,0.0008868113830370696,0.2347295226741119,0.1091912177291299,-0.02689888113032152,,0.268123594434453,0.6452717420742207,0.3981070757378607,0.5983523273272031,0.03557873965612343,,0.0026278635997431083,0.00391180812703578,0.02057787463488189,0.2948974357998003,0.006770983998758996,0.0022052220087554835,0.18717203478844757,0.001517778575905781,0.007145569649205761,0.1386928700098561,0.0028012291174753226,0.002286161095414771,0.002238765554080894,0.12283801959640062,0.0015300290847057108,0.10383197464284066,0.0958622102629254,0.0,0.0,19.27394405683826
KAWHI LEONARD,LAC,33,44,24,34.3,111.1,4.9,13.8,20.5,1.6,27.0,0.9,24.3,10.0,9.5,9.3,33.4,0.122,LAC,33.0,F,68.0,100.0,5.8,12.2,47.6,47.3,0.2,LAC,33.0,34.3,0.5,1.1,2.8,0.6,0.6,1.2,46.9,53.1,0.04,2.9,2.5,5.4,LAC,33.0,34.3,0.8,0.0,0.7,0.7,0.3,5.7,94.3,94.3,35.8,68,550.0,,,0.040902565501959844,1.4430897530448052,1.4101816535803902,3.041206992658095,0.02818090905699601,1.065502425915778,0.2406278801543114,0.13720785981192538,2.5884787082514675,0.6019264931864687,0.05505824090729544,0.5102947568045615,0.8198227185613229,0.09794155812074559,0.20821905626522422,0.593047279469134,0.07810351691441493,0.03883461639689902,0.12492402764669232,1.2504272340492129,0.5677963669899493,0.1770878664370781,0.6767863038792934,0.0005067493617354683,0.23821560469402445,0.10811011656349497,0.0020691447023324246,,0.2474987025548797,0.5929524116357704,0.39895052293222055,0.5498372737601326,0.037092728577660605,,0.001970897699807331,0.004563776148208409,0.01864869888786171,0.29302308769090324,0.006770983998758996,0.0033078330131332255,0.1816669749417285,0.003035557151811562,0.0076219409591528125,0.14037399570694525,0.004802107058529125,0.002667187944650566,0.0029850207387745256,0.11922513666709471,0.0015300290847057108,0.10077809303569829,0.09304273349048643,0.0,0.0,18.956896092604524
AARON GORDON,DEN,28,49,24,31.5,111.1,4.1,12.9,18.4,0.8,16.2,0.6,19.3,10.0,8.0,9.3,34.4,0.113,DEN,28.0,F,72.0,100.0,5.2,12.0,43.2,48.6,-5.4,DEN,28.0,31.5,1.3,3.1,1.4,0.3,0.3,0.6,53.5,46.5,0.03,3.3,1.5,4.7,DEN,28.0,31.5,0.6,0.3,0.4,0.6,0.4,40.0,60.0,97.8,71.1,73,511.0,,,0.03788516312886445,1.3252865078982905,1.2950647839003584,3.1540831800844296,0.018787272704664005,0.9785226360451023,0.20263400434047277,0.12301394327965724,2.5884787082514675,0.3611558959118812,0.03303494454437726,0.4052958356513595,0.7440407865934696,0.687309179794706,0.2048056291133353,1.177811775705459,0.0679789869440278,0.01941730819844951,0.12492402764669232,0.795605875322935,0.6323186814206253,0.1655386577563991,0.592665972323675,0.0003800620213016012,0.21381303055463657,0.10811011656349497,-0.05586690696297547,,0.2474987025548797,0.6365518536678123,0.40991533645889894,0.5821806428048463,0.031036772891511927,,0.0026278635997431083,0.00391180812703578,0.021220933217221946,0.334258746086638,0.019081863996502624,0.0016539165065666127,0.15414167570813328,0.001517778575905781,0.0038109704795764063,0.14457680994966818,0.0024010535292645625,0.0015241073969431806,0.002238765554080894,0.10116072202056521,0.003978075620234848,0.08550868499998643,0.07894534962829151,0.00022294140293335272,0.0,18.8720614335144
ALEX CARUSO,CHI,30,34,37,28.7,110.6,3.0,10.3,15.4,1.7,34.2,1.0,33.0,8.9,8.1,7.5,26.1,0.11,CHI,30.0,G,70.0,100.0,6.0,13.3,45.2,47.2,-2.0,CHI,30.0,29.1,0.5,1.2,3.8,0.5,0.6,1.0,46.6,53.4,0.17,1.9,3.1,5.1,CHI,30.0,29.1,0.4,0.0,0.4,0.4,0.1,6.9,93.1,96.6,31.0,71,556.0,,,0.03687936233783265,1.2074832627517758,1.196393181317474,3.115382772966829,0.03131212117444001,0.9039685304416659,0.20516692939472866,0.14193916532268142,2.576829389132424,0.7624402247028604,0.06827221872504635,0.6929928796111329,0.7784871193061302,0.11856083351458678,0.2269929056006133,0.5135325604341664,0.07376443264139187,0.05270412225293439,0.10074518358604218,1.2345151165427541,0.43875173812859714,0.1321742771233264,0.6806099553136397,0.0021536847873757405,0.17895221035551107,0.09621800374151052,-0.020691447023324247,,0.3815604997721062,0.6191120768549956,0.3981070757378607,0.5660089582824894,0.02270983382305751,,0.0006569658999357771,0.00260787208469052,0.01221811306446112,0.2911487395820062,0.0073865279986461765,0.0033078330131332255,0.16515179540157138,0.0025296309598429683,0.008098312269099862,0.10969345173506802,0.004001755882107604,0.0015241073969431806,0.0014925103693872628,0.10838648787917701,0.0015300290847057108,0.09161644821427117,0.08458430317316948,0.0,0.0,18.429964062662876
JALEN SUGGS,ORL,23,43,32,27.0,110.8,2.4,9.5,13.4,1.4,29.9,0.6,22.5,9.8,6.5,8.3,26.6,0.102,ORL,23.0,G,75.0,100.0,4.7,10.2,46.4,46.5,-0.2,ORL,23.0,27.0,0.3,0.7,2.5,0.3,0.5,0.8,38.1,61.9,0.09,2.2,1.7,3.9,ORL,23.0,27.0,0.1,0.1,0.1,0.1,0.1,50.0,50.0,100.0,50.0,75,552.0,,,0.03419722689508118,1.1359598639128206,1.11005552905745,3.225033926466697,0.018787272704664005,0.8387336880386591,0.16464012852663412,0.11118567950276712,2.5814891167800416,0.6665778572694597,0.0374396038169609,0.47249514518940877,0.7991549189337266,0.8591364747433824,0.174084784746335,0.8282783232809134,0.05640809554929967,0.034673764640088416,0.1114913365018867,0.6630048961024458,0.5548919041038141,0.12190831385161173,0.7889467459534512,0.0011401860639048036,0.15571166355609403,0.10594791423222508,-0.0020691447023324246,,0.32999827007317295,0.6539916304806291,0.39220294537734157,0.6064381695883815,0.01816786705844601,,0.0006569658999357771,0.00065196802117263,0.014147288811481298,0.23804220982992355,0.00430880799921027,0.0027565275109443545,0.12661637647453805,0.001517778575905781,0.00666919833925871,0.11179485885642947,0.0032014047056860835,0.00038102684923579515,0.0003731275923468157,0.08309630737403571,0.0009180174508234265,0.07023927696427457,0.0648479657660966,7.431380097778425e-05,0.0,18.38039751911774
MAX STRUS,CLE,28,43,27,32.0,109.7,3.9,11.7,17.3,0.9,16.8,0.4,13.4,11.5,8.8,9.5,30.7,0.13,CLE,28.0,G-F,69.0,100.0,6.1,14.2,43.2,46.8,-3.6,CLE,28.0,32.0,0.8,1.7,1.7,0.2,0.3,0.5,40.5,59.5,0.07,2.6,2.3,4.9,CLE,28.0,32.0,0.4,0.1,0.3,0.4,0.2,17.2,82.8,96.6,48.3,70,501.0,,,0.04358470094471131,1.346322801674454,1.3156213677717927,3.115382772966829,0.012524848469776004,0.9940547413791515,0.22289740477452005,0.14430481807805945,2.555860614718146,0.3745320402049139,0.0506535816347118,0.2813971086905812,0.7440407865934696,0.29554294731172354,0.24235332778411342,0.8001168602893624,0.07087170979270985,0.023578159955260122,0.12761056587565342,1.0979361079456502,0.5548919041038141,0.15013971284882707,0.7583575344786809,0.0008868113830370696,0.20103072981495723,0.1243266340480192,-0.03724460464198365,,0.2784360403742397,0.6103921884485872,0.39473328696042115,0.557923116021311,0.029522783969974764,,0.0013139317998715541,0.00260787208469052,0.016719523140841533,0.2530369947010998,0.010464247998082083,0.0016539165065666127,0.15414167570813328,0.0010118523839371873,0.004287341789523457,0.1290263972515934,0.002000877941053802,0.0011430805477073854,0.0014925103693872628,0.10116072202056521,0.0024480465355291373,0.08550868499998643,0.07894534962829151,7.431380097778425e-05,0.0,18.329620743873317
BRUCE BROWN,TOR,27,26,41,27.8,121.4,3.4,12.6,19.3,0.9,20.0,0.3,8.1,10.7,9.6,8.3,34.9,0.019,TOR,27.0,G-F,67.0,100.0,6.3,12.3,51.3,47.5,3.8,TOR,27.0,27.8,0.3,0.6,1.7,0.3,0.2,0.5,61.3,38.7,0.0,1.9,2.1,4.0,TOR,27.0,27.8,0.4,0.1,0.3,0.3,0.2,16.7,83.3,100.0,60.9,67,508.0,,,0.00637007167653473,1.169617933954682,1.142946063251745,3.225033926466697,0.009393636352332002,0.8635850565731379,0.2431608052085673,0.1490361235888155,2.8284546821037644,0.44587147643442127,0.04624892236212817,0.17009825226818714,0.883548434079745,0.2869515825642897,0.2099257698411687,1.0088429977561526,0.05785445697364069,0.023578159955260122,0.1114913365018867,1.1045661569066747,0.3355160350395155,0.16168892152950606,0.49325103503067147,0.0,0.22427127661437424,0.1156778247229396,0.03931374934431607,,0.42281028353125283,0.584232523229362,0.4006374173209403,0.5417514314989541,0.025737811666131843,,0.0013139317998715541,0.00195590406351789,0.01221811306446112,0.3829917969179609,0.0036932639993230883,0.0011026110043777417,0.14863661586141425,0.001517778575905781,0.004287341789523457,0.14667821707102963,0.002000877941053802,0.0011430805477073854,0.0014925103693872628,0.09754783909125932,0.0009180174508234265,0.08245480339284406,0.07612587285585252,7.431380097778425e-05,0.0,18.297617043945085
GRANT WILLIAMS,CHA,25,34,42,28.0,116.6,3.1,11.0,16.8,0.6,14.6,0.5,20.0,9.4,8.4,8.9,31.4,0.058,CHA,25.0,F,76.0,100.0,5.7,11.9,48.3,48.2,0.1,CHA,25.0,28.0,1.9,4.4,1.0,0.3,0.2,0.5,63.9,36.1,0.16,3.3,1.8,5.0,CHA,25.0,28.0,2.0,0.4,1.6,1.8,0.7,18.3,81.7,93.3,36.9,76,486.0,,,0.019445481959948125,1.1780324514651472,1.1511686968003185,3.008956653393428,0.015656060587220005,0.8697978987067576,0.2127657045574964,0.13484220705654734,2.716621218560946,0.3254861777971275,0.03964193345325272,0.4199956846128078,0.8318789350107542,0.314443949756078,0.20309891553739085,0.6112694025813141,0.07231807121705086,0.013869505856035367,0.11955095118877006,1.0833500002313965,0.43875173812859714,0.14115699498607673,0.4601127225996703,0.0020269974469418733,0.19522059311510298,0.10162350956968527,0.0010345723511662123,,0.43312272947103947,0.6627115188870375,0.40654154768145945,0.61452401184956,0.023466828283826097,,0.004598761299550439,0.01173542438110734,0.021220933217221946,0.3992361471950686,0.027083935995035984,0.0011026110043777417,0.13762649616797615,0.001517778575905781,0.0028582278596823046,0.13196836722149943,0.002000877941053802,0.006096429587772722,0.007462551846936314,0.09032207323264752,0.005814110521881701,0.07634704017855931,0.07048691931097456,0.000297255203911137,0.0,17.82025960544111
CARIS LEVERT,CLE,29,38,30,28.8,111.2,3.5,12.1,18.2,1.1,25.6,0.5,16.6,9.7,8.2,8.4,27.8,0.105,CLE,29.0,G,68.0,100.0,4.7,10.4,44.5,46.8,-2.3,CLE,29.0,28.8,0.2,0.6,2.1,0.3,0.3,0.6,44.7,55.3,0.0,2.0,1.8,3.9,CLE,29.0,28.8,0.3,0.0,0.3,0.3,0.1,0.0,100.0,91.7,41.7,68,518.0,,,0.035203027686112984,1.2116905215070086,1.1840592309946134,2.9573561105699615,0.015656060587220005,0.8946492672412364,0.20769985444898456,0.11118567950276712,2.5908085720752765,0.5707154898360592,0.03964193345325272,0.34859641822863047,0.766430902856699,0.0,0.17749821189822393,0.6907841216162819,0.05640809554929967,0.029125962297674272,0.11283460561636725,1.3260097922048917,0.490369589673138,0.1552726944846844,0.7048264143978328,0.0,0.21148897587469487,0.10486681306659011,-0.023795164076822882,,0.30937337819359967,0.5929524116357704,0.39473328696042115,0.5498372737601326,0.02649480612690043,,0.0006569658999357771,0.00195590406351789,0.01286117164680118,0.27927786822565837,0.0036932639993230883,0.0016539165065666127,0.15964673555485234,0.001517778575905781,0.005240084409417559,0.11683823594769696,0.0024010535292645625,0.0011430805477073854,0.001119382777040447,0.10477360494987112,0.0006120116338822843,0.0885625666071288,0.08176482640073049,0.0,0.0,17.706492789542807
JONATHAN KUMINGA,GSW,21,40,34,26.3,112.2,3.6,12.6,18.6,0.7,18.6,0.5,18.8,8.8,7.5,8.0,27.7,0.088,GSW,21.0,F,74.0,100.0,4.8,10.4,45.9,47.7,-1.8,GSW,21.0,26.3,0.6,1.6,1.2,0.3,0.4,0.7,47.2,52.8,0.01,3.0,1.9,4.9,GSW,21.0,26.3,0.6,0.1,0.5,0.6,0.2,21.7,78.3,95.6,40.0,74,478.0,,,0.029503489870266117,1.1065090526261918,1.0812763116374422,3.083132433702162,0.015656060587220005,0.8169887405709901,0.18996937906919323,0.11355133225814514,2.614107210313364,0.4146604730840118,0.04184426308954453,0.3947959435360393,0.7905433357555613,0.3728652300386279,0.17749821189822393,0.6626226586247308,0.07087170979270985,0.01664340702724244,0.107461529158445,1.03826566729643,0.5161785154454084,0.16168892152950606,0.672962652444947,0.00012668734043386708,0.2161370852345783,0.09513690257587558,-0.018622302320991824,,0.35062316195274623,0.6452717420742207,0.4023243117096601,0.5983523273272031,0.027251800587669014,,0.0013139317998715541,0.00391180812703578,0.01929175747020177,0.2948974357998003,0.009848703998194902,0.0022052220087554835,0.11560625678109997,0.001517778575905781,0.003334599169629355,0.11641795452342467,0.0028012291174753226,0.0019051342461789756,0.002238765554080894,0.07587054151542391,0.001836034901646853,0.06413151374998982,0.05920901222121863,7.431380097778425e-05,0.0,17.582610239198708
MATISSE THYBULLE,POR,27,18,47,22.9,115.1,1.6,7.4,12.1,1.7,40.1,0.8,32.5,9.0,7.5,8.3,26.0,0.057,POR,27.0,G-F,65.0,100.0,4.0,8.3,48.1,46.8,1.3,POR,27.0,22.9,0.5,1.2,3.4,0.1,0.3,0.5,27.6,72.4,0.02,1.2,1.3,2.5,POR,27.0,22.9,0.1,0.0,0.1,0.1,0.0,0.0,100.0,100.0,20.0,65,533.0,,,0.01911021502960419,0.9634622549482811,0.9414915413116891,3.225033926466697,0.02504969693955201,0.7113704242994553,0.18996937906919323,0.09462611021512095,2.681673261203816,0.8939723102510146,0.02863028527179363,0.6824929874958127,0.8284343017394882,0.0,0.14165722680339027,0.3313113293123654,0.03615903560852543,0.047156319910520245,0.1114913365018867,1.3260097922048917,0.2322803319504338,0.09496016026336072,0.9227745461555714,0.00025337468086773416,0.14060530813647296,0.09729910490714547,0.01344944056516076,,0.4846849591699728,0.5667927464165452,0.39473328696042115,0.5255797469765973,0.01211191137229734,,0.0,0.00065196802117263,0.007716702988080707,0.1724400260185273,0.0073865279986461765,0.0016539165065666127,0.14863661586141425,0.0005059261919685937,0.008098312269099862,0.10927317031079571,0.002000877941053802,0.00038102684923579515,0.0003731275923468157,0.09754783909125932,0.0015300290847057108,0.08245480339284406,0.07612587285585252,0.0,0.0,17.48140339511151
KEVON LOONEY,GSW,28,43,31,16.1,114.0,3.7,22.2,32.1,0.4,18.7,0.4,30.9,6.1,4.1,5.3,16.0,0.044,GSW,28.0,F,74.0,100.0,4.7,10.2,46.4,49.9,-3.5,GSW,28.0,16.1,2.7,6.9,0.5,0.2,0.1,0.4,62.1,37.9,0.0,3.9,1.8,5.7,GSW,28.0,16.1,1.3,0.5,0.9,1.2,0.8,34.3,65.7,94.8,58.8,74,520.0,,,0.014751744935133058,0.6773686595924597,0.6619220006601833,3.057332162290429,0.012524848469776004,0.5001337917563856,0.10384992722449228,0.11118567950276712,2.65604475914192,0.4168898304661839,0.03964193345325272,0.648893332726788,0.7991549189337266,0.5893676216739603,0.174084784746335,0.9740553081783542,0.08244260118743799,0.006934752928017683,0.0711932630674698,0.8711884334786139,0.5548919041038141,0.28488048079008216,0.483054631205748,0.0,0.3730107761306432,0.06594717110373192,-0.03621003229081743,,0.3196858241333863,0.6452717420742207,0.42088014998557727,0.5983523273272031,0.028008795048437597,,0.005255727199486217,0.00782361625407156,0.0250792847112623,0.3879900585416864,0.04247253599221552,0.0005513055021888709,0.15414167570813328,0.0010118523839371873,0.0019054852397882031,0.0672450278835666,0.0016007023528430417,0.003429241643122156,0.004850658700508604,0.10116072202056521,0.008262157057410839,0.08550868499998643,0.07894534962829151,0.0003715690048889212,0.0,17.184339778849665
PATRICK BEVERLEY,MIL,35,43,30,20.0,112.2,2.6,12.5,19.3,0.6,17.4,0.4,18.1,5.9,5.9,5.5,19.2,0.064,MIL,35.0,G,72.0,100.0,3.6,8.2,44.3,46.9,-2.6,MIL,35.0,20.5,0.3,0.7,1.4,0.2,0.3,0.5,40.0,60.0,0.09,1.1,1.3,2.4,MIL,35.0,20.5,0.1,0.0,0.1,0.1,0.0,16.7,83.3,100.0,0.0,73,531.0,,,0.021457083542011725,0.8414517510465337,0.8428199387288047,3.225033926466697,0.012524848469776004,0.636816318696019,0.14944257820109869,0.08516349919360885,2.614107210313364,0.38790818449794645,0.02863028527179363,0.3800960945745911,0.7629862695854328,0.2869515825642897,0.13995051322744578,0.0,0.03471267418418441,0.01941730819844951,0.07387980129643093,1.1045661569066747,0.5548919041038141,0.16040567612054174,0.764730286869258,0.0011401860639048036,0.22427127661437424,0.06378496877246204,-0.02689888113032152,,0.30937337819359967,0.6365518536678123,0.39557673415478106,0.5821806428048463,0.019681855979983176,,0.0,0.00065196802117263,0.007073644405740649,0.24991308118627142,0.00430880799921027,0.0016539165065666127,0.1926770946351666,0.0010118523839371873,0.0028582278596823046,0.08069403346027991,0.002000877941053802,0.00038102684923579515,0.0003731275923468157,0.1264509025257065,0.0009180174508234265,0.10688585624998304,0.0986816870353644,0.0,0.0,16.210140029282744
JEVON CARTER,CHI,28,35,37,13.9,108.6,0.7,4.9,7.4,0.5,18.2,0.2,14.7,3.8,4.1,3.7,12.4,0.062,CHI,28.0,G,70.0,100.0,2.4,5.2,47.2,45.8,1.4,CHI,28.0,14.4,0.2,0.3,1.3,0.1,0.2,0.3,36.8,63.2,0.03,0.6,1.1,1.6,CHI,28.0,14.4,0.1,0.0,0.1,0.1,0.0,12.5,87.5,87.5,0.0,72,515.0,,,0.020786549681323856,0.584808966977341,0.5920296154973067,2.82190468565836,0.006262424234888002,0.4473246336206182,0.10384992722449228,0.05677566612907257,2.53023211265625,0.4057430435553233,0.024225625999209997,0.3086968281904137,0.8129334520187909,0.2147841186858456,0.08874910594911196,0.0,0.023141782789456278,0.018030357612845976,0.04970095723578081,1.1602585681792803,0.45165620101473236,0.06287902503925237,0.8055159021689519,0.0003800620213016012,0.08599002315784297,0.04108184429412808,0.014484012916326972,,0.3815604997721062,0.627831965261404,0.3862988150168224,0.5660089582824894,0.005298961225380086,,0.0,0.00065196802117263,0.0038583514940403536,0.2299200346913697,0.0018466319996615441,0.0011026110043777417,0.15414167570813328,0.0005059261919685937,0.0023818565497352538,0.052114896609764115,0.0012005267646322813,0.00038102684923579515,0.0003731275923468157,0.10116072202056521,0.0006120116338822843,0.08550868499998643,0.07894534962829151,0.0,0.0,14.413930093825613
